<?xml version="1.0" encoding="utf-8"?>
<extension version="3.1" type="plugin" group="content" method="upgrade">
	<name>Send emails</name>
	<author>@Javi_Mata</author>
	<creationDate>October 2016</creationDate>
	<copyright>Copyright (C) 2016 Open Source Matters. All rights reserved.</copyright>
	<license>GNU General Public License version 2 or later; see LICENSE.txt</license>
	<authorEmail>javimata@gmail.com</authorEmail>
	<authorUrl>www.javimata.com</authorUrl>
	<version>1.0.1</version>
	<description>Envia un email cuando se agrega una nota</description>
	<files>
		<filename plugin="sendnotes">sendnotes.php</filename>
		<filename>index.html</filename>
	</files>
	<config>
		<fields name="params">

			<fieldset name="basic">
				<field
					name="enviar_email"
					type="radio"
					label="Enviar Email"
					description="Se envia un email al usuario al agregar una nota"
					class="btn-group btn-group-yesno"
					default="1"
					>
					<option value="1">JYES</option>
					<option value="0">JNO</option>
				</field>

				<field name="send_bcc"
					type="radio"
					class="btn-group btn-group-yesno"
					label="Enviar Copia (Oculta)"
					description="Enviar copia oculta (Bcc) al correo del administrador"
					default="1"
					>
					<option value="1">JYES</option>
					<option value="0">JNO</option>
				</field>

				<field name="titulo" type="text" default="" label="Agregar al titulo" description="Agrega texto al titulo del email, dejar en blanco envia como titulo solo el titulo de la nota"/>

				<field name="texto_footer" type="textarea" default="" label="Agregar texto" description="Texto a agregar despues del contenido de la nota, dejar en blanco no agrega nada."/>

			</fieldset>

		</fields>
	</config>
</extension>